{
    "experiment_name": "cv_search_U5_V25_s200",
    "config": {
        "U": 5,
        "V": 25,
        "K": 1,
        "s": 200
    },
    "cv_results": {
        "config": {
            "U": 5,
            "V": 25,
            "K": 1,
            "s": 200
        },
        "k_folds": 3,
        "mean_accuracy": 0.8925925925925925,
        "std_accuracy": 0.018885257457751038,
        "fold_accuracies": [
            0.9,
            0.8666666666666667,
            0.9111111111111111
        ],
        "fold_results": [
            {
                "fold": 1,
                "accuracy": 0.9,
                "train_size": 180,
                "val_size": 90,
                "train_speaker_dist": [
                    20,
                    20,
                    20,
                    20,
                    20,
                    20,
                    20,
                    20,
                    20
                ],
                "val_speaker_dist": [
                    10,
                    10,
                    10,
                    10,
                    10,
                    10,
                    10,
                    10,
                    10
                ],
                "fit_time": 100.3763074874878,
                "predict_time": 30.612653255462646
            },
            {
                "fold": 2,
                "accuracy": 0.8666666666666667,
                "train_size": 180,
                "val_size": 90,
                "train_speaker_dist": [
                    20,
                    20,
                    20,
                    20,
                    20,
                    20,
                    20,
                    20,
                    20
                ],
                "val_speaker_dist": [
                    10,
                    10,
                    10,
                    10,
                    10,
                    10,
                    10,
                    10,
                    10
                ],
                "fit_time": 58.790995836257935,
                "predict_time": 30.376725435256958
            },
            {
                "fold": 3,
                "accuracy": 0.9111111111111111,
                "train_size": 180,
                "val_size": 90,
                "train_speaker_dist": [
                    20,
                    20,
                    20,
                    20,
                    20,
                    20,
                    20,
                    20,
                    20
                ],
                "val_speaker_dist": [
                    10,
                    10,
                    10,
                    10,
                    10,
                    10,
                    10,
                    10,
                    10
                ],
                "fit_time": 109.54655599594116,
                "predict_time": 32.15241026878357
            }
        ],
        "random_state": 42
    },
    "evaluation_method": "cv_only",
    "cv_folds": 3,
    "timestamp": "2025-10-22T16:36:02.683913"
}