{
    "experiment_name": "cv_search_U4_V22_s10",
    "config": {
        "U": 4,
        "V": 22,
        "K": 1,
        "s": 10
    },
    "cv_results": {
        "config": {
            "U": 4,
            "V": 22,
            "K": 1,
            "s": 10
        },
        "k_folds": 3,
        "mean_accuracy": 0.862962962962963,
        "std_accuracy": 0.01385799032138497,
        "fold_accuracies": [
            0.8777777777777778,
            0.8666666666666667,
            0.8444444444444444
        ],
        "fold_results": [
            {
                "fold": 1,
                "accuracy": 0.8777777777777778,
                "train_size": 180,
                "val_size": 90,
                "train_speaker_dist": [
                    20,
                    20,
                    20,
                    20,
                    20,
                    20,
                    20,
                    20,
                    20
                ],
                "val_speaker_dist": [
                    10,
                    10,
                    10,
                    10,
                    10,
                    10,
                    10,
                    10,
                    10
                ],
                "fit_time": 28.51673126220703,
                "predict_time": 14.121879816055298
            },
            {
                "fold": 2,
                "accuracy": 0.8666666666666667,
                "train_size": 180,
                "val_size": 90,
                "train_speaker_dist": [
                    20,
                    20,
                    20,
                    20,
                    20,
                    20,
                    20,
                    20,
                    20
                ],
                "val_speaker_dist": [
                    10,
                    10,
                    10,
                    10,
                    10,
                    10,
                    10,
                    10,
                    10
                ],
                "fit_time": 31.934322118759155,
                "predict_time": 27.452375650405884
            },
            {
                "fold": 3,
                "accuracy": 0.8444444444444444,
                "train_size": 180,
                "val_size": 90,
                "train_speaker_dist": [
                    20,
                    20,
                    20,
                    20,
                    20,
                    20,
                    20,
                    20,
                    20
                ],
                "val_speaker_dist": [
                    10,
                    10,
                    10,
                    10,
                    10,
                    10,
                    10,
                    10,
                    10
                ],
                "fit_time": 50.7319872379303,
                "predict_time": 16.09316873550415
            }
        ],
        "random_state": 42
    },
    "evaluation_method": "cv_only",
    "cv_folds": 3,
    "timestamp": "2025-10-23T09:37:39.669055"
}