{
    "experiment_name": "cv_search_U3_V25_s200",
    "config": {
        "U": 3,
        "V": 25,
        "K": 1,
        "s": 200
    },
    "cv_results": {
        "config": {
            "U": 3,
            "V": 25,
            "K": 1,
            "s": 200
        },
        "k_folds": 3,
        "mean_accuracy": 0.888888888888889,
        "std_accuracy": 0.02400274332743654,
        "fold_accuracies": [
            0.8777777777777778,
            0.8666666666666667,
            0.9222222222222223
        ],
        "fold_results": [
            {
                "fold": 1,
                "accuracy": 0.8777777777777778,
                "train_size": 180,
                "val_size": 90,
                "train_speaker_dist": [
                    20,
                    20,
                    20,
                    20,
                    20,
                    20,
                    20,
                    20,
                    20
                ],
                "val_speaker_dist": [
                    10,
                    10,
                    10,
                    10,
                    10,
                    10,
                    10,
                    10,
                    10
                ],
                "fit_time": 91.39233303070068,
                "predict_time": 29.59578776359558
            },
            {
                "fold": 2,
                "accuracy": 0.8666666666666667,
                "train_size": 180,
                "val_size": 90,
                "train_speaker_dist": [
                    20,
                    20,
                    20,
                    20,
                    20,
                    20,
                    20,
                    20,
                    20
                ],
                "val_speaker_dist": [
                    10,
                    10,
                    10,
                    10,
                    10,
                    10,
                    10,
                    10,
                    10
                ],
                "fit_time": 39.2608277797699,
                "predict_time": 13.424621105194092
            },
            {
                "fold": 3,
                "accuracy": 0.9222222222222223,
                "train_size": 180,
                "val_size": 90,
                "train_speaker_dist": [
                    20,
                    20,
                    20,
                    20,
                    20,
                    20,
                    20,
                    20,
                    20
                ],
                "val_speaker_dist": [
                    10,
                    10,
                    10,
                    10,
                    10,
                    10,
                    10,
                    10,
                    10
                ],
                "fit_time": 68.61291003227234,
                "predict_time": 39.91350769996643
            }
        ],
        "random_state": 42
    },
    "evaluation_method": "cv_only",
    "cv_folds": 3,
    "timestamp": "2025-10-22T15:26:22.893127"
}