{
    "experiment_name": "cv_search_U4_V20_s200",
    "config": {
        "U": 4,
        "V": 20,
        "K": 1,
        "s": 200
    },
    "cv_results": {
        "config": {
            "U": 4,
            "V": 20,
            "K": 1,
            "s": 200
        },
        "k_folds": 3,
        "mean_accuracy": 0.8703703703703703,
        "std_accuracy": 0.02916299212596967,
        "fold_accuracies": [
            0.9111111111111111,
            0.8555555555555555,
            0.8444444444444444
        ],
        "fold_results": [
            {
                "fold": 1,
                "accuracy": 0.9111111111111111,
                "train_size": 180,
                "val_size": 90,
                "train_speaker_dist": [
                    20,
                    20,
                    20,
                    20,
                    20,
                    20,
                    20,
                    20,
                    20
                ],
                "val_speaker_dist": [
                    10,
                    10,
                    10,
                    10,
                    10,
                    10,
                    10,
                    10,
                    10
                ],
                "fit_time": 116.66505670547485,
                "predict_time": 35.62432074546814
            },
            {
                "fold": 2,
                "accuracy": 0.8555555555555555,
                "train_size": 180,
                "val_size": 90,
                "train_speaker_dist": [
                    20,
                    20,
                    20,
                    20,
                    20,
                    20,
                    20,
                    20,
                    20
                ],
                "val_speaker_dist": [
                    10,
                    10,
                    10,
                    10,
                    10,
                    10,
                    10,
                    10,
                    10
                ],
                "fit_time": 105.9216980934143,
                "predict_time": 35.41529417037964
            },
            {
                "fold": 3,
                "accuracy": 0.8444444444444444,
                "train_size": 180,
                "val_size": 90,
                "train_speaker_dist": [
                    20,
                    20,
                    20,
                    20,
                    20,
                    20,
                    20,
                    20,
                    20
                ],
                "val_speaker_dist": [
                    10,
                    10,
                    10,
                    10,
                    10,
                    10,
                    10,
                    10,
                    10
                ],
                "fit_time": 119.97044968605042,
                "predict_time": 36.99938726425171
            }
        ],
        "random_state": 42
    },
    "evaluation_method": "cv_only",
    "cv_folds": 3,
    "timestamp": "2025-10-22T15:47:49.085483"
}