{
    "experiment_name": "cv_search_U6_V15_s200",
    "config": {
        "U": 6,
        "V": 15,
        "K": 1,
        "s": 200
    },
    "cv_results": {
        "config": {
            "U": 6,
            "V": 15,
            "K": 1,
            "s": 200
        },
        "k_folds": 3,
        "mean_accuracy": 0.862962962962963,
        "std_accuracy": 0.01385799032138497,
        "fold_accuracies": [
            0.8444444444444444,
            0.8666666666666667,
            0.8777777777777778
        ],
        "fold_results": [
            {
                "fold": 1,
                "accuracy": 0.8444444444444444,
                "train_size": 180,
                "val_size": 90,
                "train_speaker_dist": [
                    20,
                    20,
                    20,
                    20,
                    20,
                    20,
                    20,
                    20,
                    20
                ],
                "val_speaker_dist": [
                    10,
                    10,
                    10,
                    10,
                    10,
                    10,
                    10,
                    10,
                    10
                ],
                "fit_time": 32.921391010284424,
                "predict_time": 18.154332399368286
            },
            {
                "fold": 2,
                "accuracy": 0.8666666666666667,
                "train_size": 180,
                "val_size": 90,
                "train_speaker_dist": [
                    20,
                    20,
                    20,
                    20,
                    20,
                    20,
                    20,
                    20,
                    20
                ],
                "val_speaker_dist": [
                    10,
                    10,
                    10,
                    10,
                    10,
                    10,
                    10,
                    10,
                    10
                ],
                "fit_time": 59.48466157913208,
                "predict_time": 18.143203735351562
            },
            {
                "fold": 3,
                "accuracy": 0.8777777777777778,
                "train_size": 180,
                "val_size": 90,
                "train_speaker_dist": [
                    20,
                    20,
                    20,
                    20,
                    20,
                    20,
                    20,
                    20,
                    20
                ],
                "val_speaker_dist": [
                    10,
                    10,
                    10,
                    10,
                    10,
                    10,
                    10,
                    10,
                    10
                ],
                "fit_time": 31.013739585876465,
                "predict_time": 16.01109743118286
            }
        ],
        "random_state": 42
    },
    "evaluation_method": "cv_only",
    "cv_folds": 3,
    "timestamp": "2025-10-22T16:52:29.725420"
}