{
    "experiment_name": "cv_search_U5_V21_s10",
    "config": {
        "U": 5,
        "V": 21,
        "K": 1,
        "s": 10
    },
    "cv_results": {
        "config": {
            "U": 5,
            "V": 21,
            "K": 1,
            "s": 10
        },
        "k_folds": 3,
        "mean_accuracy": 0.8740740740740741,
        "std_accuracy": 0.005237828008789222,
        "fold_accuracies": [
            0.8777777777777778,
            0.8666666666666667,
            0.8777777777777778
        ],
        "fold_results": [
            {
                "fold": 1,
                "accuracy": 0.8777777777777778,
                "train_size": 180,
                "val_size": 90,
                "train_speaker_dist": [
                    20,
                    20,
                    20,
                    20,
                    20,
                    20,
                    20,
                    20,
                    20
                ],
                "val_speaker_dist": [
                    10,
                    10,
                    10,
                    10,
                    10,
                    10,
                    10,
                    10,
                    10
                ],
                "fit_time": 41.00714635848999,
                "predict_time": 21.18826723098755
            },
            {
                "fold": 2,
                "accuracy": 0.8666666666666667,
                "train_size": 180,
                "val_size": 90,
                "train_speaker_dist": [
                    20,
                    20,
                    20,
                    20,
                    20,
                    20,
                    20,
                    20,
                    20
                ],
                "val_speaker_dist": [
                    10,
                    10,
                    10,
                    10,
                    10,
                    10,
                    10,
                    10,
                    10
                ],
                "fit_time": 57.20262694358826,
                "predict_time": 21.14713978767395
            },
            {
                "fold": 3,
                "accuracy": 0.8777777777777778,
                "train_size": 180,
                "val_size": 90,
                "train_speaker_dist": [
                    20,
                    20,
                    20,
                    20,
                    20,
                    20,
                    20,
                    20,
                    20
                ],
                "val_speaker_dist": [
                    10,
                    10,
                    10,
                    10,
                    10,
                    10,
                    10,
                    10,
                    10
                ],
                "fit_time": 40.909597873687744,
                "predict_time": 21.210633993148804
            }
        ],
        "random_state": 42
    },
    "evaluation_method": "cv_only",
    "cv_folds": 3,
    "timestamp": "2025-10-23T09:53:48.134699"
}