{
    "experiment_name": "cv_search_U5_V20_s10",
    "config": {
        "U": 5,
        "V": 20,
        "K": 1,
        "s": 10
    },
    "cv_results": {
        "config": {
            "U": 5,
            "V": 20,
            "K": 1,
            "s": 10
        },
        "k_folds": 3,
        "mean_accuracy": 0.8888888888888888,
        "std_accuracy": 0.009072184232530303,
        "fold_accuracies": [
            0.9,
            0.8777777777777778,
            0.8888888888888888
        ],
        "fold_results": [
            {
                "fold": 1,
                "accuracy": 0.9,
                "train_size": 180,
                "val_size": 90,
                "train_speaker_dist": [
                    20,
                    20,
                    20,
                    20,
                    20,
                    20,
                    20,
                    20,
                    20
                ],
                "val_speaker_dist": [
                    10,
                    10,
                    10,
                    10,
                    10,
                    10,
                    10,
                    10,
                    10
                ],
                "fit_time": 37.392006158828735,
                "predict_time": 19.110485076904297
            },
            {
                "fold": 2,
                "accuracy": 0.8777777777777778,
                "train_size": 180,
                "val_size": 90,
                "train_speaker_dist": [
                    20,
                    20,
                    20,
                    20,
                    20,
                    20,
                    20,
                    20,
                    20
                ],
                "val_speaker_dist": [
                    10,
                    10,
                    10,
                    10,
                    10,
                    10,
                    10,
                    10,
                    10
                ],
                "fit_time": 37.116021394729614,
                "predict_time": 19.090373277664185
            },
            {
                "fold": 3,
                "accuracy": 0.8888888888888888,
                "train_size": 180,
                "val_size": 90,
                "train_speaker_dist": [
                    20,
                    20,
                    20,
                    20,
                    20,
                    20,
                    20,
                    20,
                    20
                ],
                "val_speaker_dist": [
                    10,
                    10,
                    10,
                    10,
                    10,
                    10,
                    10,
                    10,
                    10
                ],
                "fit_time": 37.09911751747131,
                "predict_time": 19.103731155395508
            }
        ],
        "random_state": 42
    },
    "evaluation_method": "cv_only",
    "cv_folds": 3,
    "timestamp": "2025-10-23T09:50:25.443240"
}