{
    "experiment_name": "cv_search_U4_V18_s10",
    "config": {
        "U": 4,
        "V": 18,
        "K": 1,
        "s": 10
    },
    "cv_results": {
        "config": {
            "U": 4,
            "V": 18,
            "K": 1,
            "s": 10
        },
        "k_folds": 3,
        "mean_accuracy": 0.8592592592592593,
        "std_accuracy": 0.0366647960615247,
        "fold_accuracies": [
            0.8111111111111111,
            0.8666666666666667,
            0.9
        ],
        "fold_results": [
            {
                "fold": 1,
                "accuracy": 0.8111111111111111,
                "train_size": 180,
                "val_size": 90,
                "train_speaker_dist": [
                    20,
                    20,
                    20,
                    20,
                    20,
                    20,
                    20,
                    20,
                    20
                ],
                "val_speaker_dist": [
                    10,
                    10,
                    10,
                    10,
                    10,
                    10,
                    10,
                    10,
                    10
                ],
                "fit_time": 18.415905952453613,
                "predict_time": 9.287659883499146
            },
            {
                "fold": 2,
                "accuracy": 0.8666666666666667,
                "train_size": 180,
                "val_size": 90,
                "train_speaker_dist": [
                    20,
                    20,
                    20,
                    20,
                    20,
                    20,
                    20,
                    20,
                    20
                ],
                "val_speaker_dist": [
                    10,
                    10,
                    10,
                    10,
                    10,
                    10,
                    10,
                    10,
                    10
                ],
                "fit_time": 18.728739261627197,
                "predict_time": 9.393151760101318
            },
            {
                "fold": 3,
                "accuracy": 0.9,
                "train_size": 180,
                "val_size": 90,
                "train_speaker_dist": [
                    20,
                    20,
                    20,
                    20,
                    20,
                    20,
                    20,
                    20,
                    20
                ],
                "val_speaker_dist": [
                    10,
                    10,
                    10,
                    10,
                    10,
                    10,
                    10,
                    10,
                    10
                ],
                "fit_time": 19.067527770996094,
                "predict_time": 9.562535524368286
            }
        ],
        "random_state": 42
    },
    "evaluation_method": "cv_only",
    "cv_folds": 3,
    "timestamp": "2025-10-23T09:29:35.448745"
}