{
    "experiment_name": "cv_search_U5_V20_s200",
    "config": {
        "U": 5,
        "V": 20,
        "K": 1,
        "s": 200
    },
    "cv_results": {
        "config": {
            "U": 5,
            "V": 20,
            "K": 1,
            "s": 200
        },
        "k_folds": 3,
        "mean_accuracy": 0.8888888888888888,
        "std_accuracy": 0.009072184232530303,
        "fold_accuracies": [
            0.9,
            0.8777777777777778,
            0.8888888888888888
        ],
        "fold_results": [
            {
                "fold": 1,
                "accuracy": 0.9,
                "train_size": 180,
                "val_size": 90,
                "train_speaker_dist": [
                    20,
                    20,
                    20,
                    20,
                    20,
                    20,
                    20,
                    20,
                    20
                ],
                "val_speaker_dist": [
                    10,
                    10,
                    10,
                    10,
                    10,
                    10,
                    10,
                    10,
                    10
                ],
                "fit_time": 158.72754836082458,
                "predict_time": 84.60732126235962
            },
            {
                "fold": 2,
                "accuracy": 0.8777777777777778,
                "train_size": 180,
                "val_size": 90,
                "train_speaker_dist": [
                    20,
                    20,
                    20,
                    20,
                    20,
                    20,
                    20,
                    20,
                    20
                ],
                "val_speaker_dist": [
                    10,
                    10,
                    10,
                    10,
                    10,
                    10,
                    10,
                    10,
                    10
                ],
                "fit_time": 127.52744221687317,
                "predict_time": 66.68334078788757
            },
            {
                "fold": 3,
                "accuracy": 0.8888888888888888,
                "train_size": 180,
                "val_size": 90,
                "train_speaker_dist": [
                    20,
                    20,
                    20,
                    20,
                    20,
                    20,
                    20,
                    20,
                    20
                ],
                "val_speaker_dist": [
                    10,
                    10,
                    10,
                    10,
                    10,
                    10,
                    10,
                    10,
                    10
                ],
                "fit_time": 125.08323311805725,
                "predict_time": 57.42182517051697
            }
        ],
        "random_state": 42
    },
    "evaluation_method": "cv_only",
    "cv_folds": 3,
    "timestamp": "2025-10-22T16:30:00.790161"
}