{
    "experiment_name": "cv_search_U3_V20_s200",
    "config": {
        "U": 3,
        "V": 20,
        "K": 1,
        "s": 200
    },
    "cv_results": {
        "config": {
            "U": 3,
            "V": 20,
            "K": 1,
            "s": 200
        },
        "k_folds": 3,
        "mean_accuracy": 0.8777777777777778,
        "std_accuracy": 0.009072184232530258,
        "fold_accuracies": [
            0.8666666666666667,
            0.8888888888888888,
            0.8777777777777778
        ],
        "fold_results": [
            {
                "fold": 1,
                "accuracy": 0.8666666666666667,
                "train_size": 180,
                "val_size": 90,
                "train_speaker_dist": [
                    20,
                    20,
                    20,
                    20,
                    20,
                    20,
                    20,
                    20,
                    20
                ],
                "val_speaker_dist": [
                    10,
                    10,
                    10,
                    10,
                    10,
                    10,
                    10,
                    10,
                    10
                ],
                "fit_time": 37.09166097640991,
                "predict_time": 6.217544078826904
            },
            {
                "fold": 2,
                "accuracy": 0.8888888888888888,
                "train_size": 180,
                "val_size": 90,
                "train_speaker_dist": [
                    20,
                    20,
                    20,
                    20,
                    20,
                    20,
                    20,
                    20,
                    20
                ],
                "val_speaker_dist": [
                    10,
                    10,
                    10,
                    10,
                    10,
                    10,
                    10,
                    10,
                    10
                ],
                "fit_time": 23.375487804412842,
                "predict_time": 6.0879552364349365
            },
            {
                "fold": 3,
                "accuracy": 0.8777777777777778,
                "train_size": 180,
                "val_size": 90,
                "train_speaker_dist": [
                    20,
                    20,
                    20,
                    20,
                    20,
                    20,
                    20,
                    20,
                    20
                ],
                "val_speaker_dist": [
                    10,
                    10,
                    10,
                    10,
                    10,
                    10,
                    10,
                    10,
                    10
                ],
                "fit_time": 25.482017278671265,
                "predict_time": 6.213324546813965
            }
        ],
        "random_state": 42
    },
    "evaluation_method": "cv_only",
    "cv_folds": 3,
    "timestamp": "2025-10-22T15:21:40.669871"
}