{
    "experiment_name": "cv_search_U5_V30_s200",
    "config": {
        "U": 5,
        "V": 30,
        "K": 1,
        "s": 200
    },
    "cv_results": {
        "config": {
            "U": 5,
            "V": 30,
            "K": 1,
            "s": 200
        },
        "k_folds": 3,
        "mean_accuracy": 0.8925925925925925,
        "std_accuracy": 0.018885257457751038,
        "fold_accuracies": [
            0.9111111111111111,
            0.8666666666666667,
            0.9
        ],
        "fold_results": [
            {
                "fold": 1,
                "accuracy": 0.9111111111111111,
                "train_size": 180,
                "val_size": 90,
                "train_speaker_dist": [
                    20,
                    20,
                    20,
                    20,
                    20,
                    20,
                    20,
                    20,
                    20
                ],
                "val_speaker_dist": [
                    10,
                    10,
                    10,
                    10,
                    10,
                    10,
                    10,
                    10,
                    10
                ],
                "fit_time": 126.19183921813965,
                "predict_time": 137.86011385917664
            },
            {
                "fold": 2,
                "accuracy": 0.8666666666666667,
                "train_size": 180,
                "val_size": 90,
                "train_speaker_dist": [
                    20,
                    20,
                    20,
                    20,
                    20,
                    20,
                    20,
                    20,
                    20
                ],
                "val_speaker_dist": [
                    10,
                    10,
                    10,
                    10,
                    10,
                    10,
                    10,
                    10,
                    10
                ],
                "fit_time": 256.1729621887207,
                "predict_time": 90.49707579612732
            },
            {
                "fold": 3,
                "accuracy": 0.9,
                "train_size": 180,
                "val_size": 90,
                "train_speaker_dist": [
                    20,
                    20,
                    20,
                    20,
                    20,
                    20,
                    20,
                    20,
                    20
                ],
                "val_speaker_dist": [
                    10,
                    10,
                    10,
                    10,
                    10,
                    10,
                    10,
                    10,
                    10
                ],
                "fit_time": 151.89719772338867,
                "predict_time": 48.613338470458984
            }
        ],
        "random_state": 42
    },
    "evaluation_method": "cv_only",
    "cv_folds": 3,
    "timestamp": "2025-10-22T16:49:33.972340"
}