{
    "experiment_name": "cv_search_U4_V25_s200",
    "config": {
        "U": 4,
        "V": 25,
        "K": 1,
        "s": 200
    },
    "cv_results": {
        "config": {
            "U": 4,
            "V": 25,
            "K": 1,
            "s": 200
        },
        "k_folds": 3,
        "mean_accuracy": 0.8592592592592593,
        "std_accuracy": 0.01385799032138497,
        "fold_accuracies": [
            0.8777777777777778,
            0.8444444444444444,
            0.8555555555555555
        ],
        "fold_results": [
            {
                "fold": 1,
                "accuracy": 0.8777777777777778,
                "train_size": 180,
                "val_size": 90,
                "train_speaker_dist": [
                    20,
                    20,
                    20,
                    20,
                    20,
                    20,
                    20,
                    20,
                    20
                ],
                "val_speaker_dist": [
                    10,
                    10,
                    10,
                    10,
                    10,
                    10,
                    10,
                    10,
                    10
                ],
                "fit_time": 111.1119556427002,
                "predict_time": 55.541242599487305
            },
            {
                "fold": 2,
                "accuracy": 0.8444444444444444,
                "train_size": 180,
                "val_size": 90,
                "train_speaker_dist": [
                    20,
                    20,
                    20,
                    20,
                    20,
                    20,
                    20,
                    20,
                    20
                ],
                "val_speaker_dist": [
                    10,
                    10,
                    10,
                    10,
                    10,
                    10,
                    10,
                    10,
                    10
                ],
                "fit_time": 124.9429247379303,
                "predict_time": 55.802759408950806
            },
            {
                "fold": 3,
                "accuracy": 0.8555555555555555,
                "train_size": 180,
                "val_size": 90,
                "train_speaker_dist": [
                    20,
                    20,
                    20,
                    20,
                    20,
                    20,
                    20,
                    20,
                    20
                ],
                "val_speaker_dist": [
                    10,
                    10,
                    10,
                    10,
                    10,
                    10,
                    10,
                    10,
                    10
                ],
                "fit_time": 110.43077397346497,
                "predict_time": 54.469350814819336
            }
        ],
        "random_state": 42
    },
    "evaluation_method": "cv_only",
    "cv_folds": 3,
    "timestamp": "2025-10-22T15:56:21.420503"
}