{
    "experiment_name": "cv_search_U5_V15_s200",
    "config": {
        "U": 5,
        "V": 15,
        "K": 1,
        "s": 200
    },
    "cv_results": {
        "config": {
            "U": 5,
            "V": 15,
            "K": 1,
            "s": 200
        },
        "k_folds": 3,
        "mean_accuracy": 0.8814814814814814,
        "std_accuracy": 0.027715980642769925,
        "fold_accuracies": [
            0.8888888888888888,
            0.8444444444444444,
            0.9111111111111111
        ],
        "fold_results": [
            {
                "fold": 1,
                "accuracy": 0.8888888888888888,
                "train_size": 180,
                "val_size": 90,
                "train_speaker_dist": [
                    20,
                    20,
                    20,
                    20,
                    20,
                    20,
                    20,
                    20,
                    20
                ],
                "val_speaker_dist": [
                    10,
                    10,
                    10,
                    10,
                    10,
                    10,
                    10,
                    10,
                    10
                ],
                "fit_time": 91.9447329044342,
                "predict_time": 43.397064447402954
            },
            {
                "fold": 2,
                "accuracy": 0.8444444444444444,
                "train_size": 180,
                "val_size": 90,
                "train_speaker_dist": [
                    20,
                    20,
                    20,
                    20,
                    20,
                    20,
                    20,
                    20,
                    20
                ],
                "val_speaker_dist": [
                    10,
                    10,
                    10,
                    10,
                    10,
                    10,
                    10,
                    10,
                    10
                ],
                "fit_time": 91.51746821403503,
                "predict_time": 43.074562549591064
            },
            {
                "fold": 3,
                "accuracy": 0.9111111111111111,
                "train_size": 180,
                "val_size": 90,
                "train_speaker_dist": [
                    20,
                    20,
                    20,
                    20,
                    20,
                    20,
                    20,
                    20,
                    20
                ],
                "val_speaker_dist": [
                    10,
                    10,
                    10,
                    10,
                    10,
                    10,
                    10,
                    10,
                    10
                ],
                "fit_time": 157.6800820827484,
                "predict_time": 52.279576539993286
            }
        ],
        "random_state": 42
    },
    "evaluation_method": "cv_only",
    "cv_folds": 3,
    "timestamp": "2025-10-22T16:19:40.680195"
}