{
    "experiment_name": "cv_search_U3_V30_s200",
    "config": {
        "U": 3,
        "V": 30,
        "K": 1,
        "s": 200
    },
    "cv_results": {
        "config": {
            "U": 3,
            "V": 30,
            "K": 1,
            "s": 200
        },
        "k_folds": 3,
        "mean_accuracy": 0.8666666666666667,
        "std_accuracy": 0.01814436846506056,
        "fold_accuracies": [
            0.8444444444444444,
            0.8888888888888888,
            0.8666666666666667
        ],
        "fold_results": [
            {
                "fold": 1,
                "accuracy": 0.8444444444444444,
                "train_size": 180,
                "val_size": 90,
                "train_speaker_dist": [
                    20,
                    20,
                    20,
                    20,
                    20,
                    20,
                    20,
                    20,
                    20
                ],
                "val_speaker_dist": [
                    10,
                    10,
                    10,
                    10,
                    10,
                    10,
                    10,
                    10,
                    10
                ],
                "fit_time": 81.04739594459534,
                "predict_time": 35.644367933273315
            },
            {
                "fold": 2,
                "accuracy": 0.8888888888888888,
                "train_size": 180,
                "val_size": 90,
                "train_speaker_dist": [
                    20,
                    20,
                    20,
                    20,
                    20,
                    20,
                    20,
                    20,
                    20
                ],
                "val_speaker_dist": [
                    10,
                    10,
                    10,
                    10,
                    10,
                    10,
                    10,
                    10,
                    10
                ],
                "fit_time": 161.39803457260132,
                "predict_time": 61.889761447906494
            },
            {
                "fold": 3,
                "accuracy": 0.8666666666666667,
                "train_size": 180,
                "val_size": 90,
                "train_speaker_dist": [
                    20,
                    20,
                    20,
                    20,
                    20,
                    20,
                    20,
                    20,
                    20
                ],
                "val_speaker_dist": [
                    10,
                    10,
                    10,
                    10,
                    10,
                    10,
                    10,
                    10,
                    10
                ],
                "fit_time": 152.17767357826233,
                "predict_time": 44.11037039756775
            }
        ],
        "random_state": 42
    },
    "evaluation_method": "cv_only",
    "cv_folds": 3,
    "timestamp": "2025-10-22T15:35:19.202778"
}