{
    "experiment_name": "final_best_model_cv",
    "parameters": {
        "U": 5,
        "V": 19,
        "K": 1,
        "s": 500,
        "verbose": true,
        "save_results": true,
        "results_dir": "results",
        "random_state": 42
    },
    "accuracy": 0.9405405405405406,
    "confusion_matrix": [
        [
            29,
            0,
            0,
            0,
            0,
            0,
            0,
            0,
            2
        ],
        [
            0,
            30,
            3,
            0,
            0,
            0,
            0,
            0,
            2
        ],
        [
            0,
            0,
            86,
            0,
            0,
            0,
            0,
            1,
            1
        ],
        [
            0,
            0,
            0,
            41,
            0,
            0,
            1,
            1,
            1
        ],
        [
            2,
            0,
            0,
            0,
            27,
            0,
            0,
            0,
            0
        ],
        [
            0,
            0,
            0,
            0,
            0,
            24,
            0,
            0,
            0
        ],
        [
            0,
            0,
            0,
            0,
            0,
            0,
            39,
            0,
            1
        ],
        [
            0,
            0,
            2,
            0,
            0,
            0,
            0,
            45,
            3
        ],
        [
            1,
            0,
            0,
            0,
            0,
            0,
            0,
            1,
            27
        ]
    ],
    "subclass_counts": {
        "1": 1,
        "2": 1,
        "3": 1,
        "4": 1,
        "5": 1,
        "6": 1,
        "7": 1,
        "8": 1,
        "9": 78
    },
    "fit_time_seconds": 459.119731426239,
    "predict_time_seconds": 126.20748448371887,
    "timestamp": "2025-10-23T10:45:51.701326",
    "n_train_samples": 270,
    "n_test_samples": 370,
    "predictions_precomputed": true
}